{"cameraMode":{"drawMode":0,"name":"Shaded","section":"Shading Mode"},"sceneLighting":true,"audioPlay":false,"sceneViewState":{"showFog":true,"showMaterialUpdate":true,"showSkybox":true,"showFlares":true,"showImageEffects":true,"showParticleSystems":true},"in2DMode":false,"pivot":{"x":6.208090782165527,"y":22.554832458496095,"z":-31.376026153564454},"rotation":{"x":-0.41447603702545168,"y":0.04011012241244316,"z":-0.01828918047249317,"w":-0.9089919328689575},"size":10.0,"orthographic":false}