{"cameraMode":{"drawMode":0,"name":"Shaded","section":"Shading Mode"},"sceneLighting":true,"audioPlay":false,"sceneViewState":{"showFog":true,"showMaterialUpdate":false,"showSkybox":true,"showFlares":true,"showImageEffects":true,"showParticleSystems":true},"in2DMode":false,"pivot":{"x":-3.4127142429351808,"y":10.056796073913575,"z":-23.713836669921876},"rotation":{"x":-0.19853109121322633,"y":-0.11671513319015503,"z":0.02381856180727482,"w":-0.9728286862373352},"size":2.3926048278808595,"orthographic":false}